"","East","South","West"
"East",0,NA,NA
"South",0.0813504324303115,0,NA
"West",0.173705190061672,0.104402509919285,0
