"","East","South","West"
"East",0,NA,NA
"South",0.0900584615454612,0,NA
"West",0.198060090356452,0.114884810406672,0
