"","East","South","West"
"East",NA,NA,NA
"South",0.251113522291175,NA,NA
"West",0.390551179464034,0.302988576675827,NA
