"Number.Private.Alleles","Standard.deviation"
29,4.35889894354067
28,4.35889894354067
21,4.35889894354067
